<refentry id="xplayer-plugins">
	<refmeta>
		<refentrytitle role="top_of_page" id="xplayer-plugins.top_of_page">Writing Xplayer Plugins</refentrytitle>
		<manvolnum>3</manvolnum>
		<refmiscinfo>Xplayer</refmiscinfo>
	</refmeta>
	<refnamediv>
		<refname>Writing Xplayer Plugins</refname>
		<refpurpose>brief tutorial on writing Xplayer plugins</refpurpose>
	</refnamediv>

	<refsect1>
		<title>Introduction</title>
		<para>Xplayer is extensible by means of small, dynamically-loadable plugins, which add functionality wanted by some but not others.</para>

		<refsect2>
			<title>Locations</title>
			<para>Xplayer plugins can either be installed in the system path
				(e.g. <filename class="directory">/usr/lib/xplayer/plugins/</filename>), or in a user's home directory
				(e.g. <filename class="directory">~/.local/share/xplayer/plugins/</filename>). In either case, each plugin resides in a
				subdirectory named after the plugin itself.</para>
			<para>In addition, each plugin needs a <filename class="extension">.plugin</filename> index file, residing inside the plugin
				directory. This gives the code name of the plugin, as well as some metadata about the plugin such as its human-readable
				name, description and author.</para>
			<example>
				<title>Example Plugin Directory</title>
				<para>A system-installed plugin called <literal>subtitle-downloader</literal> would reside in
					<filename class="directory">/usr/lib/xplayer/plugins/subtitle-downloader</filename>, and would (at a
					minimum) have the following files:
					<itemizedlist>
						<listitem><filename>subtitle-downloader.plugin</filename></listitem>
						<listitem><filename>libsubtitle-downloader.so</filename></listitem>
					</itemizedlist>
				</para>
				<para>If installed in a user's home directory, it would reside in
					<filename class="extension">~/.local/share/xplayer/plugins/subtitle-downloader</filename> and have the same
					files.</para>
			</example>
		</refsect2>

		<refsect2>
			<title>The <filename class="extension">.plugin</filename> File</title>
			<para>The file should use the following template:
				<programlisting>[Plugin]
	Module=<replaceable>plugin-name</replaceable>
	IAge=<replaceable>plugin interface age (starting at 1)</replaceable>
	Builtin=<replaceable><literal>true</literal> or <literal>false</literal></replaceable>
	Name=<replaceable>Human-Readable Plugin Name</replaceable>
	Description=<replaceable>Simple sentence describing the plugin's functionality.</replaceable>
	Authors=<replaceable>Plugin Author Name</replaceable>
	Copyright=Copyright © <replaceable>year</replaceable> <replaceable>Copyright Holder</replaceable>
	Website=<replaceable>http://plugin/website/</replaceable></programlisting>
				Most of the values in the template are fairly self-explanatory. One thing to note is that the plugin name should be
				in lowercase, and contain no spaces. The plugin interface age should start at <literal>1</literal>, and only be
				incremented when the binary interface of the plugin (as used by Xplayer) changes. If the plugin does not have its own
				website, Xplayer's website (<literal>http://projects.gnome.org/xplayer/</literal>) can be used.</para>
			<para>The library file containing the plugin's code should be named
				<filename>lib<replaceable>plugin-name</replaceable>.so</filename> (for C, or other compiled language, plugins) or
				<filename><replaceable>pluginname</replaceable>.py</filename> (for Python plugins).</para>
		</refsect2>

		<refsect2>
			<title>Writing a Plugin</title>
			<para>Writing a plugin in C is a matter of creating a new <type><link linkend="GObject">GObject</link></type> which inherits
				from <type><link linkend="PeasExtensionBase">PeasExtensionBase</link></type> and which implements
				<type><link linkend="PeasActivatable">PeasActivatable</link></type>. The following code will create a simple plugin
				called <literal>foobar</literal>:
				<example>
					<title>Example Plugin Code</title>
					<programlisting>
#define XPLAYER_TYPE_FOOBAR_PLUGIN		(xplayer_foobar_plugin_get_type ())
#define XPLAYER_FOOBAR_PLUGIN(o)			(G_TYPE_CHECK_INSTANCE_CAST ((o), XPLAYER_TYPE_FOOBAR_PLUGIN, XplayerFoobarPlugin))
#define XPLAYER_FOOBAR_PLUGIN_CLASS(k)		(G_TYPE_CHECK_CLASS_CAST((k), XPLAYER_TYPE_FOOBAR_PLUGIN, XplayerFoobarPluginClass))
#define XPLAYER_IS_FOOBAR_PLUGIN(o)		(G_TYPE_CHECK_INSTANCE_TYPE ((o), XPLAYER_TYPE_FOOBAR_PLUGIN))
#define XPLAYER_IS_FOOBAR_PLUGIN_CLASS(k)		(G_TYPE_CHECK_CLASS_TYPE ((k), XPLAYER_TYPE_FOOBAR_PLUGIN))
#define XPLAYER_FOOBAR_PLUGIN_GET_CLASS(o)	(G_TYPE_INSTANCE_GET_CLASS ((o), XPLAYER_TYPE_FOOBAR_PLUGIN, XplayerFoobarPluginClass))

typedef struct {
	/* Plugin private member variables */
} XplayerFoobarPluginPrivate;

XPLAYER_PLUGIN_REGISTER (XPLAYER_TYPE_FOOBAR_PLUGIN, XplayerFoobarPlugin, xplayer_foobar_plugin);

static void
impl_activate (PeasActivatable *plugin)
{
	XplayerFoobarPlugin *self = XPLAYER_FOOBAR_PLUGIN (plugin);
	XplayerFoobarPluginPrivate *priv = self->priv;
	XplayerObject *xplayer = g_object_get_data (G_OBJECT (plugin), "object");

	/* Initialise resources, connect to events, create menu items and UI, etc., here.
	 * Note that impl_activate() and impl_deactivate() can be called multiple times in one
	 * Xplayer instance, though impl_activate() will always be followed by impl_deactivate() before
	 * it is called again. Similarly, impl_deactivate() cannot be called twice in succession. */
}

static void
impl_deactivate (PeasActivatable *plugin)
{
	XplayerFoobarPlugin *self = XPLAYER_FOOBAR_PLUGIN (plugin);

	/* Destroy resources created in impl_activate() here. e.g. Disconnect from signals
	 * and remove menu entries and UI. */
}</programlisting>
				</example></para>
			<para>Once resources have been created, and the plugin has been connected to Xplayer's UI in the <function>impl_activate</function>
				function, the plugin is free to go about its tasks as appropriate. If the user deactivates the plugin, or Xplayer decides
				to deactivate it, the <function>impl_deactivate</function> will be called. The plugin should free any resources
				grabbed or allocated in the <function>impl_activate</function> function, and remove itself from the Xplayer
				interface.</para>
			<para>Note that plugins can be activated and deactivated (e.g. from Xplayer's plugin manager) many times during one Xplayer session,
				so the <function>impl_activate</function> and <function>impl_deactivate</function> functions must be able to cope with
				this.</para>
			<para>Any of the API documented in the rest of the Xplayer API reference can be used by plugins. Python plugins are written in
				the same way as C plugins, and are similarly implemented as classes derived from
				<type><link linkend="PeasExtensionBase">PeasExtensionBase</link></type> and implementing
				<type><link linkend="PeasActivatable">PeasActivatable</link></type>.</para>
		</refsect2>
	</refsect1>
</refentry>
