<?xml version="1.0"?>
<!DOCTYPE book PUBLIC "-//OASIS//DTD DocBook XML V4.5//EN" "http://www.oasis-open.org/docbook/xml/4.5/docbookx.dtd" [
	<!ENTITY % local.common.attrib "xmlns:xi  CDATA  #FIXED 'http://www.w3.org/2003/XInclude'">
	<!ENTITY version SYSTEM "version.xml">
	<!ENTITY slash "/">
]>
<book id="index" xmlns:xi="http://www.w3.org/2003/XInclude">
	<bookinfo>
		<title>Xplayer Reference Manual</title>
		<releaseinfo>
			for Xplayer &version;. The latest version of this documentation can be found online at
			<ulink role="online-location" url="http://library.gnome.org/devel/xplayer/">http://library.gnome.org/devel/xplayer/</ulink>.
		</releaseinfo>
	</bookinfo>

	<chapter id="tutorials">
		<title>Tutorials</title>
		<xi:include href="xml/xplayer-plugins.xml"/>
	</chapter>

	<chapter id="core-api">
		<title>Core API</title>
		<xi:include href="xml/xplayer-object.xml"/>
		<xi:include href="xml/xplayer-interface.xml"/>
		<xi:include href="xml/xplayer-plugin.xml"/>
		<xi:include href="xml/bacon-video-widget.xml"/>
	</chapter>

	<index id="api-index-full">
		<title>Index of all symbols</title>
		<xi:include href="xml/api-index-full.xml"><xi:fallback /></xi:include>
	</index>
	<index role="2.90.0">
		<title>Index of new symbols in 2.90.0</title>
		<xi:include href="xml/api-index-2.90.0.xml"><xi:fallback/></xi:include>
	</index>
	<index role="2.90.6">
		<title>Index of new symbols in 2.90.6</title>
		<xi:include href="xml/api-index-2.90.6.xml"><xi:fallback/></xi:include>
	</index>
	<index role="3.0">
		<title>Index of new symbols in 3.0</title>
		<xi:include href="xml/api-index-3.0.xml"><xi:fallback/></xi:include>
	</index>
	<index role="3.1.5">
		<title>Index of new symbols in 3.1.5</title>
		<xi:include href="xml/api-index-3.1.5.xml"><xi:fallback/></xi:include>
	</index>
	<index id="api-index-deprecated" role="deprecated">
		<title>Index of deprecated symbols</title>
		<xi:include href="xml/api-index-deprecated.xml"><xi:fallback /></xi:include>
	</index>
	<index id="annotation-glossary">
		<title>Annotation glossary</title>
		<xi:include href="xml/annotation-glossary.xml"><xi:fallback /></xi:include>
	</index>
</book>
